country,year,fossil_energy_per_capita,renewables_energy_per_capita,low_carbon_share_energy
Synthetic-00,2000,10.0,30.0,75.0
Synthetic-01,2001,56.4,22.7,55.8
Synthetic-02,2002,102.8,15.4,36.6
Synthetic-03,2003,14.2,32.1,77.4
Synthetic-04,2004,60.6,24.8,58.2
Synthetic-05,2005,107.0,14.0,39.0
Synthetic-06,2006,18.4,30.7,79.8
Synthetic-07,2007,55.0,23.4,60.6
Synthetic-08,2008,101.4,16.1,41.4
Synthetic-09,2009,12.8,32.8,82.2
Synthetic-10,2010,59.2,22.0,63.0
Synthetic-11,2011,105.6,14.7,35.0
Synthetic-12,2012,17.0,31.4,75.8
Synthetic-13,2013,63.4,24.1,56.6
Synthetic-14,2014,100.0,16.8,37.4
Synthetic-15,2015,11.4,30.0,78.2
Synthetic-16,2016,57.8,22.7,59.0
Synthetic-17,2017,104.2,15.4,39.8
Synthetic-18,2018,15.6,32.1,80.6
Synthetic-19,2019,62.0,24.8,61.4
Synthetic-20,2020,108.4,14.0,42.2
Synthetic-21,2000,10.0,30.7,83.0
Synthetic-22,2001,56.4,23.4,55.0
Synthetic-23,2002,102.8,16.1,35.8
Synthetic-24,2003,14.2,32.8,76.6
Synthetic-25,2004,60.6,22.0,57.4
Synthetic-26,2005,107.0,14.7,38.2
Synthetic-27,2006,18.4,31.4,79.0
Synthetic-28,2007,55.0,24.1,59.8
Synthetic-29,2008,101.4,16.8,40.6
Synthetic-30,2009,12.8,30.0,81.4
Synthetic-31,2010,59.2,22.7,62.2
Synthetic-32,2011,105.6,15.4,43.0
Synthetic-33,2012,17.0,32.1,75.0
Synthetic-34,2013,63.4,24.8,55.8
Synthetic-35,2014,100.0,14.0,36.6
Synthetic-36,2015,11.4,30.7,77.4
Synthetic-37,2016,57.8,23.4,58.2
Synthetic-38,2017,104.2,16.1,39.0
Synthetic-39,2018,15.6,32.8,79.8
Synthetic-40,2019,62.0,22.0,60.6
Synthetic-41,2020,108.4,14.7,41.4
Synthetic-42,2000,10.0,31.4,82.2
Synthetic-43,2001,56.4,24.1,63.0
Synthetic-44,2002,102.8,16.8,35.0
Synthetic-45,2003,14.2,30.0,75.8
Synthetic-46,2004,60.6,22.7,56.6
Synthetic-47,2005,107.0,15.4,37.4
Synthetic-48,2006,18.4,32.1,78.2
Synthetic-49,2007,55.0,24.8,59.0
Synthetic-50,2008,101.4,14.0,39.8
Synthetic-51,2009,12.8,30.7,80.6
Synthetic-52,2010,59.2,23.4,61.4
Synthetic-53,2011,105.6,16.1,42.2
Synthetic-54,2012,17.0,32.8,83.0
Synthetic-55,2013,63.4,22.0,55.0
Synthetic-56,2014,100.0,14.7,35.8
Synthetic-57,2015,11.4,31.4,76.6
Synthetic-58,2016,57.8,24.1,57.4
Synthetic-59,2017,104.2,16.8,38.2
